Partner code,POS,GB,$txn,Profit,Markup,Fee,Tax
PTM_VISA_JP,PTM,,Yes,,,,
HAA_TRAVELWORLDORANG,HAA,,,,Yes,Yes,Yes
PTM_VISA_JAPAN,PTM,,Yes,,,,
PTM_VISA_KR,PTM,,Yes,,,,
PTM_ID90,PTM,,Yes,,,,
PTM_RAVEGROUP,PTM,,,,Yes,Yes,Yes
PTM_VISA_CITI_PMILE,PTM,,Yes,,,,
VISA_TH,VISA,,Yes,,,,
PTM_VISA_RU,PTM,,Yes,,,,
PTM_ID90,PTM,,Yes,,,,
HAA_BUDGET,HAA,,,,Yes,Yes,Yes
HAA_TRAVELNZ,HAA,,,,Yes,Yes,Yes
PTM_ABSA_VISA,PTM,,Yes,,,,
HAA_RAMSAYHEALTH,HAA,,,,Yes,Yes,Yes
PTM_JCB,PTM,,,,Yes,Yes,Yes
PTM_CENTRALHOSTOFFIC,PTM,,,,Yes,Yes,Yes
HAA_ALLCHEAPHOTELS,HAA,,,,Yes,Yes,Yes
HAA_CAIRNSRESERVATIO,HAA,,,,Yes,Yes,Yes
PTM_VISA_EN,PTM,,,,Yes,Yes,Yes
PTM_LASTMINUTEBEDS,PTM,,,,Yes,Yes,Yes
PTM_JATRAVEL,PTM,,,,Yes,Yes,Yes
PTM_ONHOLIDAY,PTM,,,,Yes,Yes,Yes
PTM_CHEAP2GO,PTM,,,,Yes,Yes,Yes
PTM_FINDAROOM_STAFF,PTM,,,Yes,,,
PTM_ALLHOTEL,PTM,,,,Yes,Yes,Yes
HAA_ALLCHEAPHOTELS,HAA,,,,Yes,Yes,Yes
HAA_PLANBOOKTRAVEL,HAA,,,,Yes,Yes,Yes
HAA_ACCOMMODATIONARO,HAA,,,,Yes,Yes,Yes
HAA_WORLDSTAYS,HAA,,,,Yes,Yes,Yes
PTM_TRANSTAR,PTM,,,,Yes,Yes,Yes
HAA_HOTELGAIDO,HAA,,,,Yes,Yes,Yes
PTM_BIGLOBE,PTM,,,,Yes,Yes,Yes
HAA_GLOBALROOMS,HAA,,,,Yes,Yes,Yes
HAA_ALLCHEAPHOTELS,HAA,,,,Yes,Yes,Yes
HAA_SYDNEYONTHEWEB,HAA,,,,Yes,Yes,Yes
PTM_COXANDKINGS,PTM,,,,Yes,Yes,Yes
HAA_AUSEMADE,HAA,,,,Yes,Yes,Yes
HAA_NEWZEALANDNZ,HAA,,,,Yes,Yes,Yes
PTM_AGENCIASDEVIAJES,PTM,,,,Yes,Yes,Yes
HAA_SUNZINE,HAA,,,,Yes,Yes,Yes
PTM_COMOVIAJAR,PTM,,,,Yes,Yes,Yes
PTM_WORLDTRAVELERSON,PTM,,,,Yes,Yes,Yes
HAA_KAIGAISEIKATSU,HAA,,,,Yes,Yes,Yes
PTM_COLATOUR,PTM,,,,Yes,Yes,Yes
PTM_INTERQ,PTM,,,,Yes,Yes,Yes
PTM_WMLRO,PTM,,,,Yes,Yes,Yes
PTM_WORLDHOTELDISCOU,PTM,,,,Yes,Yes,Yes
PTM_YOUSWORLD,PTM,,,,Yes,Yes,Yes
HAA_AUSSIEWIDEHOLIDA,HAA,,,,Yes,Yes,Yes
PTM_EZHOLIDAYS,PTM,,,,Yes,Yes,Yes
PTM_LASTMINUTEOFFERS,PTM,,,,Yes,Yes,Yes
PTM_FRANCEWORLD,PTM,,,,Yes,Yes,Yes
PTM_BENRI,PTM,,,,Yes,Yes,Yes
PTM_NEEDABED,PTM,,,,Yes,Yes,Yes
PTM_REISEMARIE,PTM,,,,Yes,Yes,Yes
PTM_LITTLEINTERNATIO,PTM,,,,Yes,Yes,Yes
PTM_BESTWAY,PTM,,,,Yes,Yes,Yes
PTM_AIRSTAY,PTM,,,,Yes,Yes,Yes
HAA_ALLCHEAPHOTELS,HAA,,,,Yes,Yes,Yes
PTM_RIBBON,PTM,,,,Yes,Yes,Yes
PTM_HOTELESULTIMAHOR,PTM,,,,Yes,Yes,Yes
PTM_LIVERPOOLCITYGUI,PTM,,,,Yes,Yes,Yes
PTM_HOTELSCONFIRMATI,PTM,,,,Yes,Yes,Yes
HAA_BUDGETTRAVEL,HAA,,,,Yes,Yes,Yes
HAA_HOTELSINDUBROVNI,HAA,,,,Yes,Yes,Yes
HAA_SINOTOURTW,HAA,,,,Yes,Yes,Yes
PTM_AUINFO,PTM,,,,Yes,Yes,Yes
PTM_WORKLIFE,PTM,,,,Yes,Yes,Yes
PTM_IWILL,PTM,,,,Yes,Yes,Yes
PTM_GEOCITIES,PTM,,,,Yes,Yes,Yes
PTM_SAVEREXPRESS,PTM,,,,Yes,Yes,Yes
HAA_ROOMRATES,HAA,,,,Yes,Yes,Yes
PTM_AUSTRALIANHOTELS,PTM,,,,Yes,Yes,Yes
HAA_INFINITEREWARDS,HAA,,,,Yes,Yes,Yes
HAA_MORRISSEYSELECT,HAA,,,,Yes,Yes,Yes
PTM_TRIPREDEFINED,PTM,Yes,,,,,
PTM_MYTRAVELGATEWAY,PTM,Yes,,,,,
PTM_VIRGIN_STAFF,PTM,,Yes,,,,
HOTELBOOKINGSON,HOTELBOOKINGSON,,,,Yes,Yes,Yes
HAA_ROOMRATES,HAA,,,,Yes,Yes,Yes
PTM_TWEETWORLD,PTM,Yes,,,,,
PTM_AUSTRALIABEYOND,PTM,Yes,,,,,
PTM_JTGNEWZEALAND,PTM,Yes,,,,,
HAA_ADELAIDEONLINE,HAA,,,,Yes,Yes,Yes
HAA_EUROPEANEXPLORER,HAA,,,,Yes,Yes,Yes
PTM_DHRSOFTWARE,PTM,,,,Yes,Yes,Yes
PTM_BOOKAHOTEL,PTM,,,,Yes,Yes,Yes
PTM_TRIPSAHEAD,PTM,,,,Yes,Yes,Yes
PTM_CITIBANK,PTM,,,,Yes,Yes,Yes
HAA_KANATRAVEL,HAA,,,,Yes,Yes,Yes
HAA_LUCKYCROWNTOURS,HAA,,,,Yes,Yes,Yes
HAA_EVENTACCOM,HAA,,,,Yes,Yes,Yes
HAA_BIZSTAY,HAA,,,,Yes,Yes,Yes
HAA_CONCIERGETRAVELT,HAA,,,,Yes,Yes,Yes
HAA_IBERIA,HAA,,,,Yes,Yes,Yes
HAA_HARVERYWORLDDAND,HAA,,,,Yes,Yes,Yes
HAA_EURORESSERVICE,HAA,,,,Yes,Yes,Yes
HAA_NZONTHEWEB,HAA,,,,Yes,Yes,Yes
PTM_MEDIBANK,PTM,,,,Yes,Yes,Yes
PTM_COLATOUR,PTM,,,,Yes,Yes,Yes
HAA_123CASA,HAA,,,,Yes,Yes,Yes
HAA_AUSTRALIANACCOMM,HAA,,,,Yes,Yes,Yes
HAA_JUNGLECITY,HAA,,,,Yes,Yes,Yes
PTM_EZYFLY,PTM,,,,Yes,Yes,Yes
PTM_AINA,PTM,,,,Yes,Yes,Yes
PTM_MKASERVICES,PTM,,,,Yes,Yes,Yes
HAA_CANADAALASKA,HAA,,,Yes,,,
PTM_SYDNEYONLINE,PTM,,,,Yes,Yes,Yes
PTM_TRAVELTOOLS,PTM,,,,Yes,Yes,Yes
PTM_GETAROOMAUS,PTM,,,,Yes,Yes,Yes
PTM_CAFEYTREN,PTM,,,,Yes,Yes,Yes
HAA_BOKAHOTELL,HAA,,,,Yes,Yes,Yes
HAA_JEP,HAA,,,,Yes,Yes,Yes
HAA_HOTELSDIRECT,HAA,,,,Yes,Yes,Yes
HAA_KAPSTADTTOUR,HAA,,,,Yes,Yes,Yes
HAA_NAGYPIHENES,HAA,,,,Yes,Yes,Yes
HAA_HOTELGUIDE,HAA,,,,Yes,Yes,Yes
PTM_BILETES,PTM,,,,Yes,Yes,Yes
HAA_REISEPARTNER,HAA,,,,Yes,Yes,Yes
HAA_PERGAMINOVIRTUAL,HAA,,,,Yes,Yes,Yes
HAA_RAJHOLIDAYS,HAA,,,,Yes,Yes,Yes
HAA_HOTELTRADER,HAA,,,,Yes,Yes,Yes
HAA_ITRIP,HAA,,,,Yes,Yes,Yes
PTM_DIAMONDHOLIDAY,PTM,,,Yes,,,
PTM_AUSTEREO_STAFF,PTM,,,,Yes,Yes,Yes
PTM_HOTELSK,PTM,,,,Yes,Yes,Yes
PTM_FLYFROM,PTM,,,,Yes,Yes,Yes
HAA_WEBTRAVELAUSTRAL,HAA,,,,Yes,Yes,Yes
PTM_THEGUIDE,PTM,,,,Yes,Yes,Yes
PTM_AUSTRALIAHOTELS,PTM,,,,Yes,Yes,Yes
HAA_AUSTRALIANEXPLOR,HAA,,,,Yes,Yes,Yes
PTM_GO2EU,PTM,,,,Yes,Yes,Yes
PTM_PATOCHAN,PTM,,,,Yes,Yes,Yes
HAA_EHOTELBASE,HAA,,,,Yes,Yes,Yes
HAA_PJTRAVEL,HAA,,,,Yes,Yes,Yes
HAA_HOLIDAYCONCEPTS,HAA,,,,Yes,Yes,Yes
HAA_TOURISTAUSTRALIA,HAA,,,,Yes,Yes,Yes
HAA_TOURAMA,HAA,,,,Yes,Yes,Yes
HAA_HOTELSAUSTRALIA,HAA,,,,Yes,Yes,Yes
HAA_THELASTROOM,HAA,,,,Yes,Yes,Yes
HAA_EMAILCASH,HAA,,,,Yes,Yes,Yes
HAA_IWANTTHATHOTEL,HAA,,,,Yes,Yes,Yes
HAA_INSIGHTGUIDES,HAA,,,,Yes,Yes,Yes
HAA_SIMPLYLUSH,HAA,,,,Yes,Yes,Yes
HAA_WONDERFULPACIFIC,HAA,,,,Yes,Yes,Yes
ECOSEA,ECOSEA,,,,Yes,Yes,Yes
HAA_HTRAVEL,HAA,,,,Yes,Yes,Yes
PTM_SPHSTAFF,PTM,,,,Yes,Yes,Yes
HAA_LEVELHOTEL,HAA,,,,Yes,Yes,Yes
PTM_HCSTAFF,PTM,,Yes,,,,
HAA_INTERLINEESCAPES,HAA,,,,Yes,Yes,Yes
PTM_SLEEPINGOUT,PTM,,,,Yes,Yes,Yes
HAA_CASABLANCA,HAA,,,,Yes,Yes,Yes
PTM_BRIDGEPACIFIC,PTM,,,,Yes,Yes,Yes
HAA_MELBOURNEONTHEWE,HAA,,,,Yes,Yes,Yes
PTM_HELLONZ,PTM,,,,Yes,Yes,Yes
PTM_HAVEFUNTRAVEL,PTM,,,,Yes,Yes,Yes
PTM_ACCOMX,PTM,,,,Yes,Yes,Yes
HAA_I4U,HAA,,,,Yes,Yes,Yes
HAA_ORIGINALAUSTRALI,HAA,,,,Yes,Yes,Yes
PTM_VIRGIN_STAFF,PTM,,,,Yes,Yes,Yes
HAA_HOTELSJETSET,HAA,,,,Yes,Yes,Yes
HAA_VCARIOUS,HAA,,,,Yes,Yes,Yes
HAA_UNIVERSALTRAVEL,HAA,,,,Yes,Yes,Yes
PTM_EUROSTARSTAFF,PTM,,,,Yes,Yes,Yes
HAA_ASKMAPS,HAA,,,,Yes,Yes,Yes
PTM_EASYVOYAGESTAFF,PTM,,,,Yes,Yes,Yes
HAA_DIRECTHOTELS,HAA,,,,Yes,Yes,Yes
PTM_NEWZEALANDTOURIS,PTM,,,,Yes,Yes,Yes
HAA_KIDSHOLIDAYSONLI,HAA,,,,Yes,Yes,Yes
HAA_VISITORGUIDE,HAA,,,,Yes,Yes,Yes
HAA_WORLDSTAYS,HAA,,,,Yes,Yes,Yes
HAA_NICESTAY,HAA,,,,Yes,Yes,Yes
HAA_LIFECHANGINGHOLI,HAA,,,,Yes,Yes,Yes
HAA_GDAYMATE,HAA,,,,Yes,Yes,Yes
PTM_COLATOUR,PTM,,,,Yes,Yes,Yes
HAA_HOTELLIIN,HAA,,,,Yes,Yes,Yes
HAA_WEBWOMBAT,HAA,,,,Yes,Yes,Yes
HAA_TRAVELDIRECTORY,HAA,,,,Yes,Yes,Yes
HAA_EASYEXPAT,HAA,,,,Yes,Yes,Yes
HAA_COFFSTV,HAA,,,,Yes,Yes,Yes
HAA_LOVENZ,HAA,,,,Yes,Yes,Yes
HAA_SYDNEYRESERVATIO,HAA,,,,Yes,Yes,Yes
HAA_GLOBALEXPLORER,HAA,,,,Yes,Yes,Yes
HAA_LIDO,HAA,,,,Yes,Yes,Yes
PTM_HOTELCHITCHAT,PTM,,,,Yes,Yes,Yes
PTM_MELLOWTOUR,PTM,,,,Yes,Yes,Yes
HAA_INNZTRAVEL,HAA,,,,Yes,Yes,Yes
HAA_QUEENSTOWNHOTELS,HAA,,,,Yes,Yes,Yes
HAA_ASIAOZ,HAA,,,,Yes,Yes,Yes
PTM_REGALWW,PTM,,,,Yes,Yes,Yes
PTM_LOYODO,PTM,,,,Yes,Yes,Yes
HAA_INTERRAIL,HAA,,,,Yes,Yes,Yes
HAA_HOTELSEARCH,HAA,,,,Yes,Yes,Yes
HAA_EGUIDETRAVEL,HAA,,,,Yes,Yes,Yes
HAA_HOTELBOOKINGS,HAA,,,,Yes,Yes,Yes
HAA_NZDAISUKI,HAA,,,,Yes,Yes,Yes
PTM_ACROSS,PTM,,,,Yes,Yes,Yes
HAA_MOTEL,HAA,,,,Yes,Yes,Yes
HAA_LASTBEDSAUSTRALI,HAA,,,,Yes,Yes,Yes
HAA_TRAVELAROUNDCOMP,HAA,,,,Yes,Yes,Yes
HAA_HOTELIER,HAA,,,,Yes,Yes,Yes
HAA_FINDAROOM,HAA,,,,Yes,Yes,Yes
HAA_WHITEHATTOURS,HAA,,,,Yes,Yes,Yes
HAA_INSIDECITY,HAA,,,,Yes,Yes,Yes
PTM_WORLDCARD,PTM,,,,Yes,Yes,Yes
HAA_ASIANTRAVEL,HAA,,,,Yes,Yes,Yes
HAA_KEIJISHIMIZU,HAA,,,,Yes,Yes,Yes
HAA_AUSBEST,HAA,,,,Yes,Yes,Yes
HAA_BWCOLLEGEPARK,HAA,,,,Yes,Yes,Yes
HAA_ROOM4RENT,HAA,,,,Yes,Yes,Yes
HAA_ARUKIKATA,HAA,,,,Yes,Yes,Yes
HAA_CANCELLATIONS,HAA,,,,Yes,Yes,Yes
HAA_JOHOKAN,HAA,,,,Yes,Yes,Yes
HAA_LODGINGS,HAA,,,,Yes,Yes,Yes
HAA_CHEAPHOTELSGROUP,HAA,,,,Yes,Yes,Yes
HAA_REALDEALHOLIDAYS,HAA,,,,Yes,Yes,Yes
HAA_AGFG,HAA,,,,Yes,Yes,Yes
HAA_CHEAPHOTELBOOKIN,HAA,,,,Yes,Yes,Yes
HAA_COASTSHOP,HAA,,,,Yes,Yes,Yes
HAA_GETAWAYESCAPES,HAA,,,,Yes,Yes,Yes
PTM_CSRGLOBAL,PTM,,,,Yes,Yes,Yes
HAA_HOTELWORLD,HAA,,,,Yes,Yes,Yes
HAA_KIDZWELCOME,HAA,,,,Yes,Yes,Yes
PTM_WEBJETCANADA,PTM,,,,Yes,Yes,Yes
PTM_WEBJETMALTA,PTM,,,,Yes,Yes,Yes
PTM_SINOTOUR,PTM,,,,Yes,Yes,Yes
PTM_ACCOMMODATIONNZ,PTM,,,,Yes,Yes,Yes
PTM_HOTEHOTELS,PTM,,,,Yes,Yes,Yes
PTM_MANYHOTELS,PTM,,,,Yes,Yes,Yes
PTM_ACTTRAVEL,PTM,,,,Yes,Yes,Yes
PTM_FINDESEMANA,PTM,,,,Yes,Yes,Yes
PTM_ODPELJI,PTM,,,,Yes,Yes,Yes
PTM_FINDTOCLICK,PTM,,,,Yes,Yes,Yes
PTM_HOTELACCESS,PTM,,,,Yes,Yes,Yes
PTM_SIAMTRAVEL,PTM,,,,Yes,Yes,Yes
PTM_AKSINDIA,PTM,,,,Yes,Yes,Yes
PTM_HOJUNARA,PTM,,,,Yes,Yes,Yes
PTM_GLOBALHOTELB,PTM,,,,Yes,Yes,Yes
PTM_UCCIRELANDALUMNI,PTM,,,,Yes,Yes,Yes
PTM_NZGOLFCOURSE,PTM,,,,Yes,Yes,Yes
HAA_ROMENAVI,HAA,,,,Yes,Yes,Yes
PTM_GETAROOMUK,PTM,,,,Yes,Yes,Yes
HAA_SUNSETTRAVEL,HAA,,,,Yes,Yes,Yes
HAA_ADAYIN,HAA,,,,Yes,Yes,Yes
HAA_SGTOURISM,HAA,,,,Yes,Yes,Yes
HAA_WORLDACCOMMODATI,HAA,,,,Yes,Yes,Yes
PTM_AVIS_STAFF,PTM,,,,Yes,Yes,Yes
PTM_HELLOUK,PTM,,,,Yes,Yes,Yes
PTM_NEWMITRAPAP,PTM,,,,Yes,Yes,Yes
PTM_MEXICOKANKO,PTM,,,,Yes,Yes,Yes
PTM_BATHUNIVERSITY,PTM,,,,Yes,Yes,Yes
PTM_BLUECASTLE,PTM,,,,Yes,Yes,Yes
PTM_BUYHOTEL,PTM,,,,Yes,Yes,Yes
PTM_NZTOURISMGUIDE,PTM,,,,Yes,Yes,Yes
PTM_BESTHOTELS,PTM,,,,Yes,Yes,Yes
PTM_CONNOISSEURCLUB,PTM,,,,Yes,Yes,Yes
PTM_NSWFARMERS,PTM,,,,Yes,Yes,Yes
PTM_MLCMEMBERREWARDS,PTM,,,,Yes,Yes,Yes
PTM_HUBTRAVEL,PTM,,,,Yes,Yes,Yes
PTM_VIPTRAVELCLUB,PTM,,,,Yes,Yes,Yes
PTM_LUXETRAVEL,PTM,,,,Yes,Yes,Yes
PTM_CONCEPTTOURS,PTM,,,,Yes,Yes,Yes
HAA_IHOTEL,HAA,,,,Yes,Yes,Yes
HAA_AUSTOURNET,HAA,,,,Yes,Yes,Yes
HAA_LISSABONUMGEBUNG,HAA,,,,Yes,Yes,Yes
HAA_MYSTICTRAVEL,HAA,,,,Yes,Yes,Yes
HAA_KOTRAVEL,HAA,,,,Yes,Yes,Yes
HAA_TRAVELDEPOT,HAA,,,,Yes,Yes,Yes
PTM_EQUITYTRAVEL,PTM,,Yes,,,,
PTM_1HONGKONG,PTM,,,,Yes,Yes,Yes
HAA_NEWZEALANDEXPLOR,HAA,,,,Yes,Yes,Yes
HAA_HOTELLINE,HAA,,,,Yes,Yes,Yes
PTM_POLATKAN,PTM,,,,Yes,Yes,Yes
PTM_TRAVELLERSPOINT,PTM,,,,Yes,Yes,Yes
HAA_OZLIFESTYLE,HAA,,,,Yes,Yes,Yes
HAA_IPWEA,HAA,,,,Yes,Yes,Yes
HAA_FOXRATES,HAA,,,,Yes,Yes,Yes
HAA_LATEHOTELS,HAA,,,,Yes,Yes,Yes
HAA_CONCIERGEDESK,HAA,,,,Yes,Yes,Yes
PTM_UNIGLOBEXXXXTRAV,PTM,,,,Yes,Yes,Yes
HAA_EUROTOUR,HAA,,,,Yes,Yes,Yes
PTM_WHOSETRAVEL,PTM,,,,Yes,Yes,Yes
HAA_BRISBANEONLINE,HAA,,,,Yes,Yes,Yes
PTM_TRUTRAVEL,PTM,,,,Yes,Yes,Yes
HAA_REISEBINE,HAA,,,,Yes,Yes,Yes
PTM_EZTRAVEL,PTM,,,,Yes,Yes,Yes
PTM_EUROTRAVEL,PTM,,,,Yes,Yes,Yes
HAA_TRAVELCENTRAL,HAA,,,,Yes,Yes,Yes
PTM_ACCOMMODATIONIN,PTM,,,,Yes,Yes,Yes
PTM_COASTBEACHES,PTM,,,,Yes,Yes,Yes
PTM_LIVEHERE,PTM,,,,Yes,Yes,Yes
PTM_ASIAROOMS,PTM,,,,Yes,Yes,Yes
PTM_BEDANBREAKFAST,PTM,,,,Yes,Yes,Yes
HAA_ROOMBOOKINGS,HAA,,,,Yes,Yes,Yes
PTM_WEBJETSINGAPORE,PTM,,,,Yes,Yes,Yes
PTM_TRAVELTOOLS,PTM,,,,Yes,Yes,Yes
PTM_OURIOS,PTM,,,,Yes,Yes,Yes
HAA_PERTHNEWS,HAA,,,,Yes,Yes,Yes
PTM_MERCADOTOUR,PTM,,,,Yes,Yes,Yes
HAA_UNUSEDROOM,HAA,,,,Yes,Yes,Yes
PTM_GOFEDERAL,PTM,,,,Yes,Yes,Yes
PTM_JETSETBOWRAL,PTM,,,,Yes,Yes,Yes
HAA_FANDFTRAVEL,HAA,,,,Yes,Yes,Yes
HAA_BRISBANEONTHEWEB,HAA,,,,Yes,Yes,Yes
HAA_MTATRAVEL,HAA,,,,Yes,Yes,Yes
PTM_NZMA,PTM,,,,Yes,Yes,Yes
PTM_JUSTCLICKAUSTRA,PTM,,,,Yes,Yes,Yes
PTM_NICETOURTAIWAN,PTM,,,,Yes,Yes,Yes
PTM_RAINBOWTOURISM,PTM,,,,Yes,Yes,Yes
PTM_YBMSISA,PTM,,,,Yes,Yes,Yes
PTM_LIONTRAVEL,PTM,,,,Yes,Yes,Yes
HAA_SPEEDYTRAVEL,HAA,,,,Yes,Yes,Yes
HAA_BEKKOAME,HAA,,,,Yes,Yes,Yes
HAA_GINZ,HAA,,,,Yes,Yes,Yes
HAA_HOTELMR,HAA,,,,Yes,Yes,Yes
PTM_TRAVELTOOLS,PTM,,,,Yes,Yes,Yes
HAA_LASTMINUTESYDNEY,HAA,,,,Yes,Yes,Yes
PTM_EMEDIA,PTM,,,,Yes,Yes,Yes
HAA_MELBOURNEONLINE,HAA,,,,Yes,Yes,Yes
PTM_ABLIFE,PTM,,,,Yes,Yes,Yes
PTM_ISPT,PTM,,,,Yes,Yes,Yes
PTM_ECONATOURS,PTM,,,,Yes,Yes,Yes
HAA_HOTELSLISTING,HAA,,,,Yes,Yes,Yes
PTM_KISHOTAKEGOCHI,PTM,,,,Yes,Yes,Yes
HAA_GOLDCOASTSPECIAL,HAA,,,,Yes,Yes,Yes
HAA_ONLINEHOTEL,HAA,,,,Yes,Yes,Yes
PTM_UNITEDSTAFF,PTM,,,,Yes,Yes,Yes
HAA_HONGKONGHOTELGUI,HAA,,,,Yes,Yes,Yes
PTM_MASTERCARD,PTM,,,,Yes,Yes,Yes
PTM_AUSTRALIENWOHNMO,PTM,,,,Yes,Yes,Yes
PTM_VERACHINNAROD,PTM,,,,Yes,Yes,Yes
PTM_BBROMA,PTM,,,,Yes,Yes,Yes
PTM_ROOMS2GO,PTM,,,,Yes,Yes,Yes
PTM_EURONAVI,PTM,,,,Yes,Yes,Yes
HAA_EXPLORENEWZEALAN,HAA,,,,Yes,Yes,Yes
PTM_SPHEMPLOYEEHOTEL,PTM,,,,Yes,Yes,Yes
PTM_ETRAVEL,PTM,,,,Yes,Yes,Yes
PTM_CHANNEL9STAFF,PTM,,,,Yes,Yes,Yes
PTM_BLUE1STAFF,PTM,,,,Yes,Yes,Yes
PTM_GOLDAIRBENDIGO,PTM,Yes,,,,,
PTM_WEBJETAU,PTM,Yes,,,,,
PTM_VISA_CIMB,PTM,,Yes,,,,
PTM_VISA_THHK,PTM,,Yes,,,,
PTM_ID90,PTM,,,Yes,,,
PTM_AIRNZ_STAFF,PTM,,,,Yes,Yes,Yes
PTM_TAISHINBANK,PTM,,,,Yes,Yes,Yes
PTM_CORPORATEKEYS,PTM,Yes,,,,,
PTM_VISA_EN_BIZ,PTM,,Yes,,,,
PTM_TWEETWORLD,PTM,Yes,,,,,
HAA_FLYWEST,HAA,,,,Yes,Yes,Yes
PTM_EUROSTARSTAFF,PTM,,,Yes,,,
PTM_EUROPCAR_STAFF,PTM,,,,Yes,Yes,Yes
PTM_VISA_EN,PTM,,,,Yes,Yes,Yes
PTM_MISATRAVEL,PTM,,Yes,,,,
HAA_REWARDSCENTRAL,HAA,,,,Yes,Yes,Yes
HAA_SMILECITY,HAA,,,,Yes,Yes,Yes
PTM_KWTOURS,PTM,,Yes,,,,
PTM_TOPTRAVEL,PTM,Yes,,,,,
PTM_WEBJETNZ,PTM,Yes,,,,,
PTM_MYREWARDS,PTM,,,,Yes,Yes,Yes
PTM_EXCITEHOLIDAYS,PTM,Yes,,,,,
PTM_BIGPONDMEMBEROFF,PTM,,,,Yes,Yes,Yes
PTM_BOOKMEHOTELS,PTM,Yes,,,,,
PTM_VIRGINAUS,PTM,Yes,,,,,
PTM_YAHOOAUSTRALIA,PTM,,,Yes,,,
PTM_VISA_EN_BIZ,PTM,,Yes,,,,
PTM_VISA_CN,PTM,,Yes,,,,
PTM_VISA_CS,PTM,,Yes,,,,
PTM_CONNOISSEURCLUBM,PTM,,,,Yes,Yes,Yes
PTM_YAHOOAUSTRALIA,PTM,,,,Yes,,Yes
PTM_CARNIVAL_STAFF,PTM,,,,Yes,Yes,Yes
PTM_PRESIDENTIALCARD,PTM,,,,Yes,Yes,Yes
PTM_EAE,PTM,,,,Yes,Yes,Yes
PTM_FLIGHTCENTRESOUT,PTM,,,,Yes,Yes,Yes
HAA_BUDGET,HAA,,,,Yes,Yes,Yes
HAA_APILIFESTYLE,HAA,,,,Yes,Yes,Yes
PTM_KFHBANK,PTM,,Yes,,,,
PTM_FLYASIANA,PTM,,,,Yes,Yes,Yes
PTM_WHATSONGROUP,PTM,,Yes,,,,
PTM_HUANANBANK,PTM,,Yes,,,,
PTM_VISA_KBANK,PTM,,Yes,,,,
PTM_SURETHINGTRAVEL,PTM,,Yes,,,,
PTM_AMEXBONUSREWARDS,PTM,,Yes,,,,
HAA_MEMBERADVANTAGE,HAA,,,,Yes,Yes,Yes
PTM_OPTUS_STAFF,PTM,,,,Yes,Yes,Yes
PTM_ITRAVELPARTNERS,PTM,Yes,,,,,
HAA_ACCOMMODATION,HAA,,,,Yes,Yes,Yes
PTM_OLAVI,PTM,,,,Yes,Yes,Yes
PTM_SAWADEE,PTM,,,Yes,,,
PTM_PRICEBREAKER,PTM,,,,Yes,Yes,Yes
PTM_JAINGSU,PTM,,,,Yes,Yes,Yes
PTM_SKBANK,PTM,Yes,,,,,
PTM_TRAVELINK,PTM,Yes,,,,,
PTM_IDINFUNCOM,PTM,,,,Yes,Yes,Yes
HAA_LASTMINUTEDEALS,HAA,,,,Yes,Yes,Yes
PTM_WINGLOBAL,PTM,,Yes,,,,
HAA_VISITORGUIDE,HAA,,Yes,,,,
DSTA_HIPMUNK,DSTA,Yes,,,,,
DSTA_HIPMUNK,DSTA,Yes,,,,,
DSTA_HIPMUNKYELP,DSTA,Yes,,,,,
DSTA_HIPMUNKYELP,DSTA,Yes,,,,,
DSTA_KAYAK,DSTA,Yes,,,,,
DSTA_KAYAK_AIR,DSTA,Yes,,,,,
DSTA_KAYAK_MOBAIR,DSTA,Yes,,,,,
DSTA_KAYAK_MOBHOT,DSTA,Yes,,,,,
DSTA_KAYAK,DSTA,Yes,,,,,
DSTA_KAYAK_AIR,DSTA,Yes,,,,,
DSTA_KAYAK_MOBAIR,DSTA,Yes,,,,,
DSTA_KAYAK_MOBHOT,DSTA,Yes,,,,,
DSTA_SAVEONRESORTS,DSTA,,,,Yes,Yes,Yes
DSTA_SAVEONRESORTS,DSTA,,,,Yes,Yes,Yes
DSTA_WCTPREMPARTNER,DSTA,,Yes,,,,
INVMER,INVMER,,Yes,,,,
AAL_AMEXENCORE,AAL,,,,Yes,Yes,Yes
MTE_EASYTOBOOK,MTE,Yes,,,,,
MTE_EASYTOBOOKEUR,MTE,Yes,,,,,
MTE_EASYTOBOOKGBP,MTE,Yes,,,,,
MTE_CITYBOOKERSPACK,MTE,Yes,,,,,
MTE_CITYBOOKERSHOT,MTE,Yes,,,,,
MTE_CTMLTDPKG,MTE,,,,Yes,Yes,Yes
MTE_CTMLTD,MTE,,,,Yes,Yes,Yes
MTE_GOHOP,MTE,,,,Yes,Yes,Yes
MTE_GOHOPPACK,MTE,,Yes,,,,
MTE_GOCOMPAREGROSS,MTE,,,,Yes,Yes,Yes
MTE_HOTELMAP,MTE,,,,Yes,Yes,Yes
MTE_INFINITYPACKAGE,MTE,,,,Yes,Yes,Yes
MTE_INFINITYBOOKING,MTE,,,,Yes,Yes,Yes
MTE_LEONARDOPACK,MTE,Yes,,,,,
MTE_LEONARDO,MTE,Yes,,,,,
MTE_NEWSTRAVELPACK,MTE,,,,Yes,Yes,Yes
MTE_NEWSTRAVELSTAND,MTE,,,,Yes,Yes,Yes
MTE_PNPAIRPORTS,MTE,,,,Yes,Yes,Yes
MTE_PNPASSOCIATESSTD,MTE,,,,Yes,Yes,Yes
MTE_PNPWEHOLIDAYS,MTE,,,,Yes,Yes,Yes
MTE_ROOMEXPACKAGE,MTE,,,,Yes,Yes,
MTE_ROOMEXHOTEL,MTE,,,,Yes,Yes,
MTE_ROYALCLUBPACKEUR,MTE,Yes,,,,,
MTE_ROYALCLUBPACKUSD,MTE,Yes,,,,,
MTE_ROYALCLUBEUR,MTE,Yes,,,,,
MTE_ROYALCLUBUSD,MTE,Yes,,,,,
MTE_SIMPLYTRVLGROSS,MTE,,,,Yes,Yes,Yes
MTE_SYDNEYTRAVELPACK,MTE,Yes,,,,,
MTE_SYDNEYTRAVEL,MTE,Yes,,,,,
AM_CA,AM,Yes,,,,,
AM_DE,AM,Yes,,,,,
AM_ES,AM,Yes,,,,,
AM_FR,AM,Yes,,,,,
AM_IN,AM,Yes,,,,,
AM_IT,AM,Yes,,,,,
AM_JP,AM,Yes,,,,,
AM_MX,AM,Yes,,,,,
AM_NL,AM,Yes,,,,,
AM_NZ,AM,Yes,,,,,
AM_SW,AM,Yes,,,,,
AM_UK,AM,Yes,,,,,
CTP_ALLHOTELTAIWAN,CTP,,Yes,,,,
CTP_IMPERIALRINAGRP,CTP,Yes,,,,,
CTP_JTBHAWAIITRAVEL,CTP,Yes,,,,,
CTP_KIATOURSGROSS,CTP,Yes,,,,,
CTP_MISATRAVELGROSS,CTP,Yes,,,,,
CTP_PYOTRAVEL,CTP,,,,Yes,Yes,Yes
CTP_QUNARGROSS,CTP,Yes,,,,,
CTP_TOURBAKSAGROSS,CTP,Yes,,,,,
CTP_TOURS4FUNMOB,CTP,Yes,,,,,
CTP_TOURSFORFUN,CTP,Yes,,,,,
CTP_TRAVELKINGGROSS,CTP,,,,Yes,Yes,Yes
CTP_TRIPANZEEGROSS,CTP,Yes,,,,,
CTP_LIFEINASIA,CTP,Yes,,,,,
CTP_GNRCONNECT,CTP,,,,Yes,Yes,Yes
CTP_ETRAVELGROSS,CTP,Yes,,,,,
CTP_FURSANLEISURE,CTP,Yes,,,,,
CTP_HOTELTRAVELUSD,CTP,Yes,,,,,
CTP_RNRROOMSNRATES,CTP,,,,Yes,,
CTP_UOBTRAVELPLNGR,CTP,,,,Yes,,
CTP_UOBTRVLPLANNERSG,CTP,,,,Yes,,
CTP_YIQIFEICOM,CTP,Yes,,,,,
RQST_ALTOUR_ALTOUR,RQST,Yes,,,,,
RQST_ALTOUR_AMEX,RQST,Yes,,,,,
RQST_ALTOUR_AXREP,RQST,Yes,,,,,
RQST_ALTOUR_CRUISE,RQST,Yes,,,,,
RQST_ALTOUR_SKYHAR,RQST,Yes,,,,,
RQST_ALTOURCAN,RQST,Yes,,,,,
RQST_DEEMWORK,RQST,Yes,,,,,
RQST_EXODUSLAS,RQST,Yes,,,,,
RQST_EXODUSLAS,RQST,Yes,,,,,
RQST_FINDOR,RQST,Yes,,,,,
RQST_FINDOR,RQST,Yes,,,,,
RQST_GETAROOM,RQST,Yes,,,,,
RQST_GLOBALHOTELCARD,RQST,Yes,,,,,
RQST_HOTELBARGAIN,RQST,,,,Yes,Yes,Yes
RQST_LEISURELOYALTY,RQST,,,,Yes,Yes,Yes
RQST_MONTROSEWELLS,RQST,,,,Yes,Yes,Yes
RQST_NEXTJUMP,RQST,Yes,,,,,
RQST_NEXTJUMP,RQST,Yes,,,,,
RQST_PARTNERFUSION,RQST,,,,Yes,Yes,Yes
RQST_PARTNERFUSION,RQST,,,,Yes,Yes,Yes
RQST_REARDENEHI,RQST,Yes,,,,,
RQST_REARDENEHICAN,RQST,Yes,,,,,
RQST_ROCKETMILES,RQST,Yes,,,,,
RQST_ALTOURAVOYA,RQST,Yes,,,,,
RQST_REARDENWORLDTR,RQST,Yes,,,,,
RQST_FLIGHTNETWORKPK,RQST,,,,Yes,Yes,Yes
RQST_VEGASCOM,RQST,,,,Yes,Yes,Yes
RQST_RESERVATIONDESK,RQST,,,,Yes,Yes,Yes
RQST_RESERVATIONDESK,RQST,,,,Yes,Yes,Yes
RQST_CHOOSEAROOM,RQST,,,,Yes,Yes,Yes
RQST_CHOOSEAROOM,RQST,,,,Yes,Yes,Yes
RQST_TRAVELPASS,RQST,,,,Yes,Yes,Yes
RQST_TRAVELPASS,RQST,,,,Yes,Yes,Yes
RQST_RESCOUNTER,RQST,,,,Yes,Yes,Yes
RQST_RESCOUNTER,RQST,,,,Yes,Yes,Yes
RQST_RAZR,RQST,,,,Yes,Yes,Yes
RQST_DISCODONNIE,RQST,Yes,,,,,
RQST_DISCODONNIE,RQST,Yes,,,,,
RQST_TOMORROWWORLD,RQST,Yes,,,,,
RQST_TOMORROWWORLD,RQST,Yes,,,,,
RQST_MOTOGP,RQST,Yes,,,,,
RQST_MOTOGP,RQST,Yes,,,,,
RQST_FAREPORTALCOAES,RQST,,,,Yes,Yes,Yes
RQST_FAREPORTALCOACA,RQST,,,,Yes,Yes,Yes
RQST_FAREPORTALCOAUK,RQST,,,,Yes,Yes,Yes
RQST_FAREPORTALCOAUS,RQST,,,,Yes,Yes,Yes
RQST_FAREPORTALOT,RQST,,,,Yes,Yes,Yes
RQST_FAREPORTALCOSUS,RQST,,,,Yes,Yes,Yes
RQST_FAREPORTALFBUZZ,RQST,,,,Yes,Yes,Yes
RQST_LBFTHOTELWIZ,RQST,,,,Yes,Yes,Yes
RQST_LBFTSMARTFARES,RQST,,,,Yes,Yes,Yes
RQST_LBFTTRAVELATION,RQST,,,,Yes,Yes,Yes
RQST_ROCKETMILES2,RQST,Yes,,,,,
RQST_VEGASGOODBUYS,RQST,,Yes,,,,
RQST_CRUISEPLANNER,RQST,,,,Yes,Yes,Yes
RQST_EMERGINGTRAVEL,RQST,,,,Yes,Yes,Yes
RQST_MONTROSECORP,RQST,,,,Yes,Yes,Yes
RQST_ABCGLOBALSERVIC,RQST,,,,Yes,Yes,Yes
RQST_EASYHOTELREBATE,RQST,Yes,,,,,
RQST_DEEMTRAVEL,RQST,Yes,,,,,
RQST_MCBUSINESS,RQST,Yes,,,,,
RQST_MCLEISURE,RQST,Yes,,,,,
RQST_GLOBALHOTELCARDCA,RQST,Yes,,,,,
RQST_FAREPORTALCMLS,RQST,,,,Yes,Yes,Yes
RQST_LBFTCFLIGHTNOW,RQST,,,,Yes,Yes,Yes
RQST_LBFTLCAIRLINES,RQST,,,,Yes,Yes,Yes
RQST_MONTROSE,RQST,,,,Yes,Yes,Yes
RQST_MONTROSE_CA,RQST,,,,Yes,Yes,Yes
RQST_FLIGHTNETWORKSA,RQST,,,,Yes,Yes,Yes
RQST_KARACITOURS,RQST,,,,Yes,,
RQST_LASVEGASDIRECT,RQST,,,,Yes,,
RQST_DEALANGEL,RQST,,,,Yes,,
RQST_DEALANGEL,RQST,,,,Yes,,
PLQL_BOOKABEDIE,PLQL,Yes,,,,,
PLQL_EVERTRIP,PLQL,Yes,,,,,
PLQL_EXCITEHOLIDAYS,PLQL,Yes,,,,,
PLQL_FURSANTRAVEL,PLQL,Yes,,,,,
PLQL_GOCOMPARENET,PLQL,Yes,,,,,
PLQL_GOGLOBAL,PLQL,Yes,,,,,
PLQL_LASTMINUTE,PLQL,Yes,,,,,
PLQL_LOWCOSTHOL,PLQL,Yes,,,,,
PLQL_ODEGIO,PLQL,Yes,,,,,
PLQL_PNPASSOCIATESNE,PLQL,Yes,,,,,
PLQL_REZLIVE,PLQL,Yes,,,,,
PLQL_ROCKETMILES,PLQL,Yes,,,,,
PLQL_ROOMSXML,PLQL,Yes,,,,,
PLQL_RTS,PLQL,Yes,,,,,
PLQL_RTSEU,PLQL,Yes,,,,,
PLQL_TOURS4FUN,PLQL,Yes,,,,,
PLQL_TRANSASIAAIR,PLQL,Yes,,,,,
PLQL_TRAVELKINGNET,PLQL,Yes,,,,,
PLQL_TRIPPANDA,PLQL,Yes,,,,,
PLQL_WESTMINSTERNET,PLQL,Yes,,,,,
PLQL_SIMPLYTRVLNET,PLQL,Yes,,,,,
PLQL_PNPWEHOLIDAYS,PLQL,Yes,,,,,
PLQL_PNPAIRPORTS,PLQL,Yes,,,,,
PLQL_MISATRAVELNET,PLQL,Yes,,,,,
PLQL_METHABOOKFZ,PLQL,Yes,,,,,
PLQL_LBFTHotelwiz,PLQL,Yes,,,,,
PLQL_HRCLINK,PLQL,Yes,,,,,
PLQL_ALLHOTELTAIW,PLQL,Yes,,,,,
PLQL_AERLINGUS,PLQL,Yes,,,,,
PLQL_IMPERIALRINAGRP,PLQL,Yes,,,,,
PLQL_TRIPANZEENET,PLQL,Yes,,,,,
PLQL_SPIDERHOLIDAYS,PLQL,Yes,,,,,
PLQL_FARAHATINTL,PLQL,Yes,,,,,
PLQL_SYDNEYTRAVEL,PLQL,Yes,,,,,
PLQL_ROCKETMILES2,PLQL,Yes,,,,,
HAA_EXCITEHOLIDAYPKG,HAA,,,,,,
HAA_WEBJET_AU,HAA,Yes,,,,,
HAA_WEBJET_NZ,HAA,Yes,,,,,
HAA_ZUJIAU,HAA,,,,,,
HAA_ZUJIHONGKONG,HAA,,,,,,
HAA_ZUJISINGAPORE,HAA,Yes,,,,,
HAA_ZUJIVIRGINAUS,HAA,Yes,,,,,
HAA_EXCITEHOLIDAYS,HAA,,,,Yes,Yes,Yes
HAA_HOTEL_AU,HAA,,,,Yes,Yes,Yes
HAA_ISPEEDY,HAA,,,,Yes,Yes,Yes
HAA_MONTROSE,HAA,,,,Yes,Yes,Yes
HAA_MONTROSE_CA,HAA,,,,Yes,Yes,Yes
HAA_NINE76,HAA,,,,Yes,Yes,Yes
HAA_REGIONALEXP,HAA,,,,Yes,Yes,Yes
HAA_STREETDIR,HAA,,,,Yes,Yes,Yes
HAA_STREETDIR_AU,HAA,,,,Yes,Yes,Yes
HAA_TRAVELROOMS,HAA,,,,Yes,Yes,Yes
HAA_TRAVELROOMS_AU,HAA,,,,Yes,Yes,Yes
HAA_TRAVELROOMS_EU,HAA,,,,Yes,Yes,Yes
HAA_TRAVELROOMS_US,HAA,,,,Yes,Yes,Yes
HAA_CHECKINCOMAU,HAA,,,,Yes,Yes,Yes
HAA_EQUAVISTA,HAA,,,,Yes,Yes,Yes
HAA_YOUBIBI,HAA,,,,Yes,Yes,Yes
HAA_ASIAHOT - NO PAYEE SET UP,HAA,Yes,,,,,
HAA_TRAVELKING,HAA,,,,Yes,Yes,Yes
HAA_ROSHCOMPUNET- NO PAYEE,HAA,,,,Yes,Yes,Yes
HAA_BYOJETPACKAGE,HAA,,,,Yes,Yes,Yes
HAA_BYOJETHOTELSA,HAA,,,,Yes,Yes,Yes
CHS_PARTNERFUSION,CHS,Yes,,,,,
AM_AU_AMAU,AM,,,,,,
AMS_AMADEUS,AMS,,,Yes,,,
MAR_AMEXAGENTS,MAR,Yes,,,,,
MAR_HAWAIIANAIRLINES,MAR,Yes,,,,,
MAR_AIRCANADANEAT,MAR,Yes,,,,,
MAR_TLGSTREAM,MAR,Yes,,,,,
MAR_ALTITUDELON,MAR,Yes,,,,,
MAR_VEIINTERNATIONAL,MAR,Yes,,,,,
MAR_SOUTHWESTWIFI,MAR,Yes,,,,,
FRN_BEIJINGGOLDEN,FRN,Yes,,,,,
FRN_TRANSASIA,FRN,,,Yes,,,
FRN_HOTELDEALSSG,FRN,Yes,,,,,
FRN_UOBTRAVEL (Net+),FRN,Yes,,,,,
FRN_RTS,FRN,Yes,,,,,
FRN_MANGOCITYPKGNET,FRN,Yes,,,,,
FRN_CHINAEASTERN,FRN,Yes,,,,,
FRN_EVAAIR,FRN,Yes,,,,,
FRN_ETRAVELONLINE (net+),FRN,Yes,,,,,
FRN_GALAXYTOUR (net+),FRN,Yes,,,,,
FRN_HOLIDAYTOURTRA,FRN,Yes,,,,,
TVE_UTRAVEL,TVE,Yes,,,,,
TVE_GREATWESTERN,TVE,Yes,,,,,
TVE_GREATWESTERNEMP,TVE,Yes,,,,,
TVE_OMEGATRAVEL (Net+),TVE,Yes,,,,,
TVE_AERLINGUS,TVE,Yes,,,,,
TVE_AERLINGUSEMPLOYEE (net+ - needs to be created in PWS),TVE,Yes,,,,,
TVE_BILETBANK (Net+),TVE,Yes,,,,,
TVE_GOGLOBALTRAVEL (Net+),TVE,Yes,,,,,
TVE_SEARCH4SUN,TVE,Yes,,,,,
TVE_AIGLEAZUR,TVE,Yes,,,,,
MOT_HOTELCLUBAGENTS (net+),MOT,Yes,,,,,
